-- Bitte auswählen --; {D=, RW=, E=, BWL=, M=}; {D=, RW=, E=, BWL=, M=}; 
1.56123069512355
0.673153289587528
true
9
<br /><br />Ihrem Unternehmen werden Zinserträge für das Bankguthaben auf Ihrem Bankkonto gutgeschrieben: € 24,60.<br /><br />;0.0;gewinnerhöhend;gewinnerhöhend;1.0 / 1.0 (100.0% )
<br /><br />Ihrem Unternehmen werden Zinserträge für das Bankguthaben auf Ihrem Bankkonto gutgeschrieben: € 24,60.<br /><br />;0.0;gewinnerhöhend;gewinnerhöhend;1.0 / 1.0 (100.0% )
<br /><br />Ihrem Unternehmen werden Zinserträge für das Bankguthaben auf Ihrem Bankkonto gutgeschrieben: € 24,60.<br /><br />;0.0;gewinnerhöhend;gewinnerhöhend;1.0 / 1.0 (100.0% )
<br /><br />Ihrem Unternehmen werden Zinserträge für das Bankguthaben auf Ihrem Bankkonto gutgeschrieben: € 24,60.<br /><br />;0.0;gewinnerhöhend;gewinnerhöhend;1.0 / 1.0 (100.0% )
<br /><br />Ihrem Unternehmen werden Zinserträge für das Bankguthaben auf Ihrem Bankkonto gutgeschrieben: € 24,60.<br /><br />;0.0;gewinnerhöhend;gewinnerhöhend;1.0 / 1.0 (100.0% )
<br /><br />Ihrem Unternehmen werden Zinserträge für das Bankguthaben auf Ihrem Bankkonto gutgeschrieben: € 24,60.<br /><br />;0.0;gewinnerhöhend;gewinnerhöhend;1.0 / 1.0 (100.0% )
<br /><br />Ihrem Unternehmen werden Zinserträge für das Bankguthaben auf Ihrem Bankkonto gutgeschrieben: € 24,60.<br /><br />;0.0;gewinnerhöhend;gewinnerhöhend;1.0 / 1.0 (100.0% )
<br /><br />Ihrem Unternehmen werden Zinserträge für das Bankguthaben auf Ihrem Bankkonto gutgeschrieben: € 24,60.<br /><br />;0.0;gewinnerhöhend;gewinnerhöhend;1.0 / 1.0 (100.0% )
<br /><br />Ihrem Unternehmen werden Zinserträge für das Bankguthaben auf Ihrem Bankkonto gutgeschrieben: € 24,60.<br /><br />;0.0;gewinnerhöhend;gewinnerhöhend;1.0 / 1.0 (100.0% )
